,GRE Score,TOEFL Score,University Rating,SOP,LOR ,CGPA,Research
GRE Score,1.0,0.8272004035317205,0.6353762113238999,0.613497673462411,0.5246793925817066,0.8258779536403557,0.5633981217777558
TOEFL Score,0.8272004035317205,1.0,0.6497991951468041,0.6444103878875802,0.5415632950080219,0.8105735363036219,0.4670120606097315
University Rating,0.6353762113238999,0.6497991951468041,1.0,0.7280235718785819,0.6086507072838123,0.705254345086194,0.4270474518133466
SOP,0.613497673462411,0.6444103878875802,0.7280235718785819,1.0,0.6637068525149349,0.7121543243652497,0.40811584579179017
LOR ,0.5246793925817066,0.5415632950080219,0.6086507072838123,0.6637068525149349,1.0,0.6374692057544713,0.37252560351059255
CGPA,0.8258779536403557,0.8105735363036219,0.705254345086194,0.7121543243652497,0.6374692057544713,1.0,0.5013110005346983
Research,0.5633981217777558,0.4670120606097315,0.4270474518133466,0.40811584579179017,0.37252560351059255,0.5013110005346983,1.0
